Block Height,Container ID,Found Valid Transaction IDs
1355485.000000,2fjq8gNFGDiDfidhWNiFJ3jw13J5yqnZqSRwjgowtUX3N8ZjU,
1355484.000000,2VzrngozBfujSviyyMapMwUukR7F1j27UAcJxCiK5LnwUyWRkj,"26HL85RpgpUkQHrkN5nBEwa6PCaadGMA1NjMZfPcWZF7UHF842, "
1355483.000000,n9d6kjVYou8Tv9H8Tua4ycXjfaKTDyeSz4yPB18Fs12qEK1Ws,"SY37c4xkMEH2FHpujPKVLmSzWH3meyyN3usb8x5WtT32LXkfm, SY37c4xkMEH2FHpujPKVLmSzWH3meyyN3usb8x5WtT32LXkfm, 2q9e4r6Mu3U68nU1fYjgbR6JvwrRx36CohpAX5UQxse55x1Q5, "
1355482.000000,ojz7AX8AURwnn5ewzNRcf7SQcUqgzsJ1v63RbT6GwgrU3rtEq,
1355481.000000,rmwMAxsQ7AH2sqpRzJBPnZAL4ZtiM7yxNN1ueTVE6DovSL3ZD,"22rVWYx3DwkKW4y3ZQDrpDoWgYRqJ3DhEFCHjH793J8PJrgY5J, "
1355480.000000,TDWmRKLNqiqurzCnyh84MDq55VZqe5hGKwoChdSwFUYxTRH4r,
1355479.000000,2h1XtwGYRfUrj593A6RBJooB3rnKeNtQkBSKNzLqmUYu6yerPu,
1355478.000000,2N81a3CUMSXvaYAnXWJTAKangAMnb7sMnjZbx4cRTAstZEiG8J,
1355477.000000,2tmFEtzLEQqzd8zxcyGUTzCM9LWsgpmuKZ9k7bCGxAyPcYbYGG,"27tyssMrUwtTiA1weiMbPHmPwfSqWQ83kvAehytBH9KFEaukVY, "
1355476.000000,2GqWYxKmvEeZucSf1b1K9DnSbB46QvuoMQ16skfgwdV4cGd48q,"2oYMBNV4eNHyqk2fjjV5nVQLDbtmNJzq5s3qs3Lo6ftnC6FByM, "
1355475.000000,fQXbLSSaGHSgB8w4iG7HLsHyi6hWLVx1PsFn5sT2Copwr1TCF,
1355474.000000,2Au9ue5pyJz6ZrcP83o8R48gBnQMY7AW5BjxYZ6ZKJy9dNLEQA,"21XnPTq3aCSZ3RU4LmCsF9qaTfcwdkyJsxiYmRbiyXE1fdgN35, "
1355473.000000,2DKX7qQuZqrjECjZCDD2GTKoLbBeAdCo5nBnm9cQxCRShaE46z,
1355472.000000,2drYr3eW6zJroikGmQVGQGm7tRAxz5Qrg2zp59sseuD2qp1C6S,"vXNHQsEvBGCSnqZUUCyJoZKmzgoHiKnHwz1WKsvpz4fwiBvGv, "
1355471.000000,2XK6wM3myogqzrGCnA2vTdLz7wEq74n2k1K2DrTSiSG2MkgDTR,
1355470.000000,2e1VgiCpDntZdhRShw3jzJFW1NfjNMGeoKp77gazkyjoJ478SH,"2Tea55SU3qs1NJjSAenUpggqPqJfXWsW6FiwsW9aMytok8dEEd, "
1355469.000000,2XyfkhKGior1AJm7171qCqVhTaLAbHDT9br2bqzL7TgbTNfKSg,
1355468.000000,kja5oH8wuhuSA9Zdond5USZJNHCSUfHdmS74zw1jAEVJbMqSb,
1355467.000000,Yes88SQbWvbgJN2kfKY4jTS23SVHRkJ83Mg6W1attcvgLYSJY,
1355466.000000,2PNmnYXVGYFVuuPYC17CoJLghUGPFZQVtSQwNK5MLkg2pJwyv1,"2JNH4pRQMFHWMfuUduVv85JdsGN24xJ23AKL62JxcTd9ew3Yc3, "
1355465.000000,2jZQWZPvES3eQa3z67RJp84qRZ7fKMy1zSVszFuRMZ9e15wVhP,
1355464.000000,XKeaGHYq6uzYE4ME98EAEbDDEXrKvK7uCCdtpvWLsbYyAxtCo,"26HL85RpgpUkQHrkN5nBEwa6PCaadGMA1NjMZfPcWZF7UHF842, "
1355463.000000,2uyZAU1R7az5VzG7R7dzHrZFNG4tQLmU66SqBeTPiUq6dGLWT5,
1355462.000000,2HR81fxbhVtHekd3tJtg55vetHJLo4gdwN7aFp4SMmarj9qk46,
1355461.000000,9pWpvc7dnKRGCvEKPAq4Qruxgstpu2iNA4W3YUmr7uqHbqA5H,
1355460.000000,2GF1bgVNv3UikWAyYZFXwhSZEZ6V4UfWuc7dRZ8k6kGpPFhf3N,"2f764nvP4toq3tjvwQsqva4qbCTZo1JW6yurfXPH59u753oXew, "
1355459.000000,2X5TJQk94oXbFqnRbi72kPEYokhngxKcQYPiKC59J2igWH3tPS,
1355458.000000,a7gxcKKeUVrHvDn9fVyVGeAfuK7fPcCZVwwMxN3VA9WSpXLyj,
1355457.000000,zrCCD7PzxY8GWPefaQG1LD1xBNRaduSDnwbRS993QxDnLrsm4,
1355456.000000,ZrkJHn7RfC1oK5dSkQzJHYyBBRZJk2CUhGZcQX4UdD3GruaGt,
1355455.000000,2PT8gi9v45s2xFaY7mbjZTxviwwoweD4i9HXHxGEdgEYT2yv6H,
1355454.000000,SfLqBMp6DWpvHegY1G378oVJdMUc2MYrjxjWNo3Eyy66FCNM5,"2uVn5UT874D8BmBESw4ZKHoZ7U27pBGWt7SEYhgB6FPQXXXKoh, "
1355453.000000,2aNgYGk5vJeyHPDjKgQcTQj5GhKVXuBWtJFxCUnTSsBjQHrmm2,
1355452.000000,2eLXdcqfsgbafTRVvXau5N7neLhmMAB4UxVrJNaLyv6gBpKVU8,
1355451.000000,QErZAqzb79PoLs7timhJ3wAeM6dTrTeWzwt98ZWCXvuarRGW5,
1355450.000000,2WfcAkWdLdbAm7TWWUNjyYW7r9HFe9Qib9uKPiUwACwkpTk5NT,"kXsfdTsuwyNrdonEv8bU8Edcivt4SYA1ZwZRcr7XtJFSCe7nZ, kXsfdTsuwyNrdonEv8bU8Edcivt4SYA1ZwZRcr7XtJFSCe7nZ, 23EKTbw6wf2RguvbTs1ohdJo11N46oQpxUqpqQkLC9upesHfEQ, "
1355449.000000,2YK2a2Cc6TAhQTXQYPkx45reYDts2fzHyWVXxDnsrp3YZApuYJ,"2q9e4r6Mu3U68nU1fYjgbR6JvwrRx36CohpAX5UQxse55x1Q5, "
1355448.000000,rZ6NqWP4NwR7cGU9XyGfTgYk4zFB5bSCyGtMd3R8UZrdHK8JN,
1355447.000000,wGN6kqs25TLP7xECBbBobugv1D6mJNTcR8ogEcQ3RLWVcwTej,"2PHAsib1kJwhcVpmbK99FnfLexRdLvtrjB5vvrfqgAbHg6nH6j, 2PHAsib1kJwhcVpmbK99FnfLexRdLvtrjB5vvrfqgAbHg6nH6j, "
1355446.000000,2LaPyThMKMwEoYYT8MK66a2twKUVveLBDeTzfJa21oAnwvKB6b,"2q9e4r6Mu3U68nU1fYjgbR6JvwrRx36CohpAX5UQxse55x1Q5, "
1355445.000000,2sAD7QAqPG1zRPLczcrQWcUdSoHJ8eG9uGEyQWdTkK8iPbR5pX,
1355444.000000,iXpqLBCQ3KaAWAekHMfU9njt76zuCBWCdewP2DdxbN6c8W6q9,
1355443.000000,dacMdUxWiUqQQxEaUp7p7mXPebkTGaLU8HDtcoxpKdFtpsrqY,
1355442.000000,9T2YZSoeeLu9FZ5QmJ9Qib9h5j46DWJCAjuwfdb3Jb7K5hppx,
1355441.000000,pfKLKnr2iq6nSTByARYbyhYwFQ8cAAs4F3V1nU93PNb6XMPjR,
1355440.000000,QwByGw26yfaLyLyk87woCdgFqGn7yqvkfNNovkoTqnnr7HrJA,"P5x3h3brdWCfRC5w2vJZhKkRLD7ibZDhyvuehxpWTRVA3AiUw, "
1355439.000000,2Xez6srei4sBzZfAvox1A9L8QF55x9tzkZ2S16EFsDB3XXhHic,"NMqsoCJhs7xmm6QzzN85poBCGvTUTvn29YT4o8fv2H3ajzYuz, 2q9e4r6Mu3U68nU1fYjgbR6JvwrRx36CohpAX5UQxse55x1Q5, "
1355438.000000,JBUd4Q3qy5x7pdVvBVLMLmD3TC1uaRtagbyuBc2GqeA1BwWWe,"2E4iJtAUvhDGojnzVkVAZEDq3rHB4GY7NmzihiQXAfDfBYxiYe, 2E4iJtAUvhDGojnzVkVAZEDq3rHB4GY7NmzihiQXAfDfBYxiYe, 2q9e4r6Mu3U68nU1fYjgbR6JvwrRx36CohpAX5UQxse55x1Q5, "
1355437.000000,fcve5tDx6ngSe7TpNdWumAu2E2jXCSMZ628NmX8xnG1Uv9Ug1,
1355436.000000,eaXzcVVHjq2684oJQLYb3gZj5KYaU1nhsA2n3uesNNbENBWdG,"gX7As1mihoJNfxjPxts3QuaSpUdtULgf46aWZ7LzCngZK2g4T, gX7As1mihoJNfxjPxts3QuaSpUdtULgf46aWZ7LzCngZK2g4T, gX7As1mihoJNfxjPxts3QuaSpUdtULgf46aWZ7LzCngZK2g4T, 2GdPxoo5cwnkXEhSSrxrYzJsfX4n8RSaNd9Ww9NKGSfKEHi9b6, "
1355435.000000,uqsbHWWPVx8PkC4UPntjH5GQQ2GxTBJ3aZywktkTMpBiYinR4,
1355434.000000,FUknSZd6Uz7tibFfLbTAoQ1Use1NBRpkLi8jnwrVYT3Ltvcuh,
1355433.000000,zgLUAxo6Ao3HxBwbhYfxUV7fdTHx3CDMnRAeHmcqkmZmtwzog,
1355432.000000,nAQgmvib2WqbHDm2rMXkdzqTWeoLCtkCPA1np6grLDYKgi9TE,"VosQgjSZFvyW5HNYaX4kV7GcZHRk7tMVs6bkHX1WsVEe5xbwX, "
1355431.000000,2aXBFysjrAjrTSGcnuof7fZX9pjet6bbUrSQ7n8C4WbyPCquPe,
1355430.000000,29NfoZhYASQcR1V7NibeX78Hzrs229BCSctB2snUFc6MJCXm5R,"cbpdGaRM4RLLC2gwt9RMRHS2KuCzU5pbNKptWkXdXA2Wt1fqd, "
1355429.000000,2T9rVrV4G3KXX2VAurzhAZyFkVnv3vA1fAE8EFdQiWA1Yci6ae,
1355428.000000,2YGFqHnZcLD3wRopCVVUvwyqWmNoxho6zGGHuLbBncor6nsMK5,
1355427.000000,2bN7LfPBg1tEN3YfAsJYTtR5dyLfwSNUb85tqwqD1ccbb6bAVs,"2q9e4r6Mu3U68nU1fYjgbR6JvwrRx36CohpAX5UQxse55x1Q5, "
1355426.000000,Cd8KAsHTkTeLKQGNa44ALcX13MMKwaVFzsmhMUUDTWL3MRsfq,
1355425.000000,36mfoKrhzyC6asB5PUbt9yNcbTDhAeWHQUt32m5cg4eU5tWfF,"29SgkSu1Htu2y63WBwUHTuGTsKU8KWrRCSMMN5oyZNLWsR9Arj, "
1355424.000000,2V2cdao2wNawGE2UQryiVR5iSS7mJ99ecMxbdkxvsuB4aM6DDg,
1355423.000000,WCW38AwSdSM7qa9zEM2RF1auGojJemY4TJu9CSv5LmzU58fiG,
1355422.000000,46YHvsMKUmfAqmA14Kwtm2iYriR9sTPQQxL8JUfzNsm1mmu2m,
1355421.000000,ecYTsCwqkWzS8tp3HLcSpsXFWEueFvd3yuFhtWxUWvMQPrpWD,"2jH4UJhS7sbHFGpFaDZGyB15MbmaEUwTX68m7dYbsZdpy3DoX, "
1355420.000000,2gdsHYwnJQmfgs4RGMawkZE7PCbJoMTVWYvLYqVsGcvMeYf5QA,
1355419.000000,ciniRTkT7K49ZzSjhjjRju98fqoPeEW5oiB2yypGV7ZoqhNsJ,
1355418.000000,HNdVHYNLFdji5v8kMJ5abnc9gcvG2LgtshShJxoTceAjgMBQn,
1355417.000000,8iercFetMJsMQBFUDQCgtP9pziukY7Hywz7f6UbegCKE9ZZXj,"VP9RJm7WN5zWsxiRJZuBtM8HYpiBymb44ikjJDK44zZLRTJMP, "
1355416.000000,26mw2pEmkoD2aqR2FKu8XPv96xJv5AYVuix4Km6bpeCJUBFH5L,
1355415.000000,YRRL2Z1K8qBDpA4QxVkGK31wK1ZuYw78S7dDovzaFhkg3NyDT,
1355414.000000,KYSAxWWuGxYnZPnwG1K5pNwcU3GW5yJVR5kaRVY8ZN1KGxmGo,
1355413.000000,2uhKgq5w8kQ13AhNPGiwnEwNGSiiHW8HmdiUc5665o2tWRRPKj,
1355412.000000,2cRJgE7FD1nWj8W9AgJz2kvtws5EWfADPAX5vJscbAzdggiic3,
1355411.000000,2WvQ2L7bbA51dYg1AGViuqd78MBQpZNSyYkVLL3aYMe5zgdwbZ,"TEtRJpvhvSzJ2gpgLb8pu8C2RPMAsbdskG9WCPVm9LMpRZGFX, "
1355410.000000,2Ed2uvnCX2PTGn5gb74xL4s4G9YJBmSwyZHHEsmYiMLLsSZqYk,
1355409.000000,42NEL6fnT1fQZyauGY6LbhV5RFEZLnbJZ2Zo8xFJSXpjWcRPj,"2eZTBzXmcpcayYZaSkM9kCmy51ChttLhYmcuckq129pKhdQu9H, "
1355408.000000,88316AkpqzAsnJVaaMyQZXZa6pwd4QF1WHuGw2y5EoDT24oYS,
1355407.000000,j4iMijNWJ5m5kn7E9Jk9yLmNdRNhVaFGeteemHQEQTRU8qyps,
1355406.000000,buPKrs26wGLoLzUp7fKiYNHdGnCHZjK5SJFdJaKGCYpNv3RTt,
1355405.000000,b2Z1iiSvNhvBungx9CMpbua6LYxPJX3zRhixwNWCZ61bYrqst,
1355404.000000,WsKVKTa5TA1EJdoPtQah1cR2W2ur6wrCAqTdnXotkZXHs1He4,"dyA55En94fVHizLSD6xnuUZepFZtEp3j44K7qgXKf9tzgKs8E, 2q9e4r6Mu3U68nU1fYjgbR6JvwrRx36CohpAX5UQxse55x1Q5, "
1355403.000000,2Lwb3SfHZabBjcSStwrAPJ8kj6Z1ReWJb1vxfxWaBwxz6NBLzA,"gX7As1mihoJNfxjPxts3QuaSpUdtULgf46aWZ7LzCngZK2g4T, 2q9e4r6Mu3U68nU1fYjgbR6JvwrRx36CohpAX5UQxse55x1Q5, "
1355402.000000,DdyanHi9HvCg7N3GVgVM8M9qAqsmmyggdzpn1fp8mkiPEUyaL,
1355401.000000,2Rb5WQfnr6LUTmYjWuWog4uEuw5JaGSrA5Jopsiywx2taoVPnW,"2mr5aDeoGVv5Vs3SAiovxjEjcPhtSoXEEzpJwPrpNy8HAKfja9, "
1355400.000000,26MKjsfUmG6XzigVxjgvSz7ZBJbnJnjya9yWJXKuS2BbFqJsfE,"2oYMBNV4eNHyqk2fjjV5nVQLDbtmNJzq5s3qs3Lo6ftnC6FByM, "
1355399.000000,2Q1vCdHaB6ddmf5fRRZQzFzf2qbqT3tthkdy9SNT7meN74eg9q,"2oYMBNV4eNHyqk2fjjV5nVQLDbtmNJzq5s3qs3Lo6ftnC6FByM, "
1355398.000000,BEhMca729Zjtcncbc3vyzhZhukvLV9cxxqG8g2fprGgDTT7Xf,
1355397.000000,26PoKYwf3fdyLZZoLaohVa5kiNFfdT88yqYJYvnipoF78E4LjX,
1355396.000000,kMkT4nVTE5MwCrjEYUsNtztFQA8yfXQ9Ji6iXc6A1njXx4h6S,
1355395.000000,2ewDagYq8JrGNs9m5dWfk6sRAWDVUxAh37gWXhkWb8Hw2pWnBx,"TtQTM7wac7GbEzwgGn2ucWuy9FbKRNEpTkLT3Ex6f7qyA5mXr, "
1355394.000000,wRXbYd7d1jtPVg6Q7Zimf22ZTYKd7HyaGx81oEHLWn9y6iPA6,
1355393.000000,gf6vXiVh1omfKca63WCdENVSgWcsvNCbCMGNBx8foDUKtS1Fy,
1355392.000000,9bsZC9AA2dyqLWSvQ36e7DP8Var7qWPinNahb6AVeTDDvY6Eu,
1355391.000000,2GwA1M8zJfjMyBh8RjsRZY5WkPGKtejc3uyBNHCgNJVQ2AQfjm,"9Ya78fQo67Yvwu7LJ8SCfR9yK4ayiMo2WU9FtmbxpVzepnweB, "
1355390.000000,4AoXtzSy2ZcSuwwUZbEa9YaFHFLPi3M8suJN9hfRtv1uRHSfm,
1355389.000000,2tn7XvpArU5841ASdUJRMr6CCqKBFN9Uz4AheaEzjxzbtqRST5,
1355388.000000,2Q68f1ALvxcuRARKBQvhwGVgC5AECuvoJQQkUvapX5gfXM4aAw,
1355387.000000,2MErXDQBHMa7wfPXUzV32cwn2GquGT4wMP2paQBbyT4RrVBoH2,"NiT49rQ3xzMT6YfEoTrfEmJqbj3BWd5hpFR2DCjjGWojh9u6i, "
1355386.000000,2HzSZP5f86RBhRCpbYyC4cNSyZN2T9QtBK7xXKFop1ejeVsjiE,
